pergunta,resposta_referencia,evidencia_referencia,tipo,evidencia_salto,entidades_ponte
Quantos habitantes Santo Antônio da Alegria tinha no Censo de 2022?,6.775 habitantes.,Santo Antônio da Alegria tinha 6.775 habitantes no Censo de 2022 do IBGE,simples,1,
Quem é o prefeito de Santo Antônio da Alegria?,"Denilson Mega, eleito em 2024.","O prefeito de Santo Antônio da Alegria é Denilson Mega, eleito em 2024",simples,1,
Em que data Santo Antônio da Alegria virou município?,Em 10 de março de 1885 (instalado em 7 de abril de 1890).,"Santo Antônio da Alegria virou município em 10 de março de 1885, instalado em 7 de abril de 1890",simples,1,
Quanto dinheiro foi usado para modernizar a Rua da Gastronomia?,"R$ 361,1 mil, do Departamento de Apoio aos Municípios Turísticos do estado de São Paulo.","A rua foi modernizada com R$ 361,1 mil do Departamento de Apoio aos Municípios Turísticos do estado de São Paulo",simples,1,
Qual é a altitude e o desnível da Ilha do Ar?,1.100 metros de altitude e 290 metros de desnível.,"A Ilha do Ar fica a 1.100 metros de altitude, com 290 metros de desnível",simples,1,
Quantas cachoeiras de Santo Antônio da Alegria a Prefeitura lista entre os pontos turísticos?,"Cinco: Deosdédi, Beto Teixeira, Família Duarte, José Justino e Adilson.","Além da Cachoeira do Deosdédi e da Cachoeira do Beto Teixeira, a Prefeitura de Santo Antônio da Alegria lista entre os pontos turísticos a Cachoeira da Família Duarte, a Cachoeira do José Justino e a Cachoeira do Adilson",simples,1,
Qual é mais alto: os Três Montes ou o Morro do Paredão?,"Os Três Montes, com 1.167 m; o Morro do Paredão tem 1.090 m.","os Três Montes (1.167 m), o Morro do Paredão (1.090 m)",simples,1,
Qual é mais alto: o cume do Morro da Santa Cruz ou a Ilha do Ar?,"A Ilha do Ar, a 1.100 m; o Morro da Santa Cruz chega a 970 m.","o Morro da Santa Cruz (970 m); a Serra da Lajinha, onde fica a Ilha do Ar, chega a 1.100 m",simples,1,
Qual cidade vizinha fica mais perto para um bate-volta: Altinópolis ou Cássia dos Coqueiros?,"Cássia dos Coqueiros, a cerca de 20 km; Altinópolis fica a cerca de 30 km.","Altinópolis, a cerca de 30 km|Cássia dos Coqueiros, a cerca de 20 km",simples,1|1,
"Em que mês é celebrada a festa que, junto com a Festa do Congo, faz Santo Antônio da Alegria ser conhecida como ""cidade folclore""?",Em janeiro (Festa de Santos Reis / Folia de Reis).,"A Festa de Santos Reis é celebrada em janeiro em Santo Antônio da Alegria|A tradição da Folia de Reis e a Festa do Congo fazem Santo Antônio da Alegria ser conhecida como ""cidade folclore""",simples,1|1,
Em que mês e em que parque acontece o Encontro de Carros Antigos?,"Em outubro, no Parque Ecológico José Jorge Felício.","O Encontro de Carros Antigos de Santo Antônio da Alegria acontece em outubro e reúne veículos antigos, com música, no Parque Ecológico José Jorge Felício",simples,1,
Em que mês acontece o encontro de veículos antigos que o parque da Rua Vicentino B. dos Santos recebe?,"Em outubro (Encontro de Carros Antigos, no Parque Ecológico Municipal José Jorge Felício).","Fica na principal entrada da cidade, na Rua Vicentino B. dos Santos, s/n|O parque recebe festas do município, como o carnaval, e eventos como o Encontro de Carros Antigos|O Encontro de Carros Antigos de Santo Antônio da Alegria acontece em outubro|outubro: Festa do Doce e Encontro de Carros Antigos",ponte,1|1|2|2,Parque Ecológico Municipal José Jorge Felício|Encontro de Carros Antigos
A que distância de Santo Antônio da Alegria fica a cidade onde está a oficina lítica Itambé?,Cerca de 30 km (Altinópolis).,"a oficina lítica Itambé, em Altinópolis|Altinópolis, a cerca de 30 km: conhecida por formações rochosas, grutas e cavernas",ponte,1|2,Altinópolis
A que distância de Santo Antônio da Alegria fica a cidade para onde segue a rodovia do Baú do Petisco?,Cerca de 20 km (Cássia dos Coqueiros).,"O Baú do Petisco fica no Sítio Baú da Serra, no km 23 da rodovia de saída de Santo Antônio da Alegria para Cássia dos Coqueiros|Cássia dos Coqueiros, a cerca de 20 km: cidade pequena e charmosa, com paisagens rurais",ponte,1|2,Cássia dos Coqueiros
O que construiu a pessoa que dá nome à avenida onde fica a Prefeitura de Santo Antônio da Alegria?,"Francisco Antônio Mafra construiu a capela do Cuscuzeiro, dedicada a Santo Antônio, na década de 1860.","A Prefeitura fica na Avenida Francisco Antônio Mafra, 1004, no Centro|O Departamento de Turismo atende pela Prefeitura Municipal, na Avenida Francisco Antônio Mafra, 1004|Na década de 1860, Francisco Antônio Mafra, com licença do cônego Joaquim Emmanuel Gonçalves de Andrade, construiu a capela do Cuscuzeiro",ponte,1|1|2,Francisco Antônio Mafra
A igreja onde termina a Festa do Congo faz parte de qual arquidiocese?,Da Arquidiocese de Ribeirão Preto (Igreja de Nossa Senhora do Rosário).,"A festa termina na Igreja de Nossa Senhora do Rosário, com a coroação do Rei do Congo e da Rainha Ginga de Angola|A Igreja Católica em Santo Antônio da Alegria faz parte da Arquidiocese de Ribeirão Preto",ponte,1|2,Igreja de Nossa Senhora do Rosário
Em que mês acontece a festa que termina com a coroação do Rei do Congo e da Rainha Ginga de Angola?,Em setembro (Festa do Congo).,"A festa termina na Igreja de Nossa Senhora do Rosário, com a coroação do Rei do Congo e da Rainha Ginga de Angola|setembro: Festa do Congo",ponte,1|2,Festa do Congo
Quais são os telefones da delegacia que fica perto da rodoviária de Santo Antônio da Alegria?,(16) 3668-1120 e (16) 3668-1104 (Delegacia de Polícia Civil).,"O Terminal Rodoviário José Júlio Fonseca é a rodoviária de Santo Antônio da Alegria, no centro da cidade, perto da Delegacia de Polícia|a Delegacia de Polícia Civil atende pelos telefones (16) 3668-1120 e (16) 3668-1104",ponte,1|2,Delegacia de Polícia Civil
"Quantas pessoas cabem, no total, nas casas de temporada que ficam ao sul da principal rampa de voo livre de Santo Antônio da Alegria?","8 pessoas (Recanto Shammah, ao sul da Ilha do Ar).","é uma das principais rampas de voo livre do Brasil|Recanto Shammah: duas casas ao sul da Ilha do Ar, com dois dormitórios cada, cozinha equipada e capacidade total de 8 pessoas",ponte,1|2,Ilha do Ar
"Em que horário funciona o local que recebe o Concurso de Qualidade de Cafés ""Café e Turismo""?",Das 7h às 19h (Ilha do Ar).,"A cidade também recebe o Concurso de Qualidade de Cafés ""Café e Turismo"", aberto ao público na Ilha do Ar|O local funciona das 7h às 19h|a Ilha do Ar funciona das 7h às 19h",ponte,1|2|2,Ilha do Ar
Em que dias e horários o Departamento de Turismo de Santo Antônio da Alegria atende presencialmente?,"De segunda a sexta, das 8h às 17h, na Prefeitura.","O Departamento de Turismo atende pela Prefeitura Municipal, na Avenida Francisco Antônio Mafra, 1004|O Departamento de Turismo atende pelo telefone da Prefeitura, (16) 3668-1233|atende de segunda a sexta, das 8h às 17h, pelo telefone (16) 3668-1233",ponte,1|1|2,Prefeitura de Santo Antônio da Alegria
Qual creche tem o mesmo telefone do Centro Odontológico Jair Alves Ferreira?,"A Creche Maria do Carmo, (16) 3668-1108.","Centro Odontológico Jair Alves Ferreira: Rua Dr. Carlos de Campos, 1460; (16) 3668-1108|Creche Maria do Carmo: (16) 3668-1108",ponte,1|2,(16) 3668-1108
O que fica mais perto da cidade: a Cachoeira do Deosdédi ou o Morro da Santa Cruz?,"A Cachoeira do Deosdédi, a 3,2 km; o Morro da Santa Cruz fica a 3,6 km.","A Cachoeira do Deosdédi, também conhecida como Cachoeira do Dédi, fica a 3,2 km da cidade|O Morro da Santa Cruz fica a 3,6 km da cidade de Santo Antônio da Alegria e tem pouco mais de 40 metros de altura|Do Morro da Santa Cruz, a 3,6 km da cidade, também se avista toda a região",comparacao,1|2|2,Cachoeira do Deosdédi|Morro da Santa Cruz
O que fica mais longe da cidade: o Sítio Sossego das Grutas ou a Cachoeira do Deosdédi?,"O Sítio Sossego das Grutas, a 7 km; a Cachoeira do Deosdédi fica a 3,2 km.","O Sítio Sossego das Grutas fica a 7 km de asfalto da cidade de Santo Antônio da Alegria|Sítio Sossego das Grutas, a 7 km da cidade, com duas grutas e mata nativa|A Cachoeira do Deosdédi, também conhecida como Cachoeira do Dédi, fica a 3,2 km da cidade",comparacao,1|1|2,Sítio Sossego das Grutas|Cachoeira do Deosdédi
Quantos metros a Ilha do Ar é mais alta que a sede do município de Santo Antônio da Alegria?,309 metros: a Ilha do Ar fica a 1.100 m e a sede a 791 m.,"A Ilha do Ar fica a 1.100 metros de altitude|é o principal mirante natural de Santo Antônio da Alegria, a 1.100 metros de altitude|A sede fica a 791 metros de altitude, nas coordenadas",comparacao,1|1|2,Ilha do Ar|sede do município
"No sábado, o que abre mais cedo: o Bar do Hélio ou o Baú do Petisco?","O Bar do Hélio, às 7h; o Baú do Petisco abre às 10h.","O Bar do Hélio fica na Rodovia Altino Arantes, km 1,5, em Santo Antônio da Alegria, e abre todos os dias, das 7h às 18h|Serve petiscos e cerveja gelada e abre só nos fins de semana: sábado das 10h às 19h",comparacao,1|2,Bar do Hélio|Baú do Petisco
"Aos domingos, o que abre mais cedo: as padarias ou o Empório Supermercado (Rede Valor)?","As padarias, às 6h; o Empório Supermercado abre às 7h.","As padarias de Santo Antônio da Alegria abrem de segunda a sábado das 6h às 19h e domingo das 6h às 12h|Empório Supermercado (Rede Valor): Rua Nove de Julho, 1089; segunda a sábado das 6h50 às 20h e domingo das 7h às 12h",comparacao,1|2,padarias|Empório Supermercado
O que veio antes: os primeiros veículos motorizados de Santo Antônio da Alegria ou o fim do vilarejo de Souza?,"Os veículos motorizados, de 1939; o vilarejo de Souza teria existido até 1948.",Os primeiros veículos motorizados do município são de 1939|Acredita-se que Souza tenha existido até 1948,comparacao,1|2,veículos motorizados|vilarejo de Souza
"Em 2022, o que aconteceu primeiro: a 20ª EXPOASA ou o Campeonato Brasileiro de Parapente na Ilha do Ar?","A 20ª EXPOASA, de 9 a 12 de junho; o Campeonato Brasileiro de Parapente foi de 10 a 17 de setembro.","A 20ª EXPOASA foi de 9 a 12 de junho de 2022, com entrada gratuita todos os dias|sediou o Campeonato Brasileiro de Parapente de 10 a 17 de setembro de 2022",comparacao,1|2,EXPOASA|Campeonato Brasileiro de Parapente
"Quais estabelecimentos ficam na Rua João Batista de Paiva, 568?","Canudinhos do Feu, Alexandre Queijos Artesanais e Bolachas Caseiras da Vovó Olga.","Canudinhos do Feu: Rua João Batista de Paiva, 568, box 2|Alexandre Queijos Artesanais: Rua João Batista de Paiva, 568, Distrito Industrial|Bolachas Caseiras da Vovó Olga: Rua João Batista de Paiva, 568, Distrito Industrial",agregacao,1|2|3,
"Quais serviços de saúde funcionam na Rua Nove de Julho, 1290?","Hospital Municipal e Pronto-Socorro, Farmácia Municipal, Unidade Básica de Saúde Santo Antônio de Pádua e Centro de Especialidades Santo Antônio de Pádua.","O Hospital Municipal e Pronto-Socorro fica na Rua Nove de Julho, 1290, Centro|Farmácia Municipal: Rua Nove de Julho, 1290, Centro|Unidade Básica de Saúde Santo Antônio de Pádua: Rua Nove de Julho, 1290, Centro|Centro de Especialidades Santo Antônio de Pádua",agregacao,1|2|3|4,
Quais serviços de saúde de Santo Antônio da Alegria atendem pelo telefone (16) 3668-1123?,"Hospital Santo Antônio de Pádua, Unidade Básica de Saúde Santo Antônio de Pádua, Centro de Especialidades Santo Antônio de Pádua e Centro de Fisioterapia Dionísio Caetano da Silva.","a Prefeitura também lista o Hospital Santo Antônio de Pádua, na Rua Nove de Julho, telefone (16) 3668-1123|Unidade Básica de Saúde Santo Antônio de Pádua: Rua Nove de Julho, 1290, Centro; (16) 3668-1123|Centro de Fisioterapia Dionísio Caetano da Silva: Rua Marechal Deodoro, 1004; (16) 3668-1123",agregacao,1|2|3,
"Quantas pousadas Santo Antônio da Alegria tem, somando as do centro e as da zona rural?","Sete: duas no centro (Pousada das Margaridas e Pousada da 9) e cinco fora do centro (Pousada Ilha do Ar, Pousada Tôa a Tôa, Haras Matinha, Chácara Recanto da Cachoeira e Encontro das Serras).","Duas pousadas ficam na Rua Nove de Julho, a rua central de Santo Antônio da Alegria|Pousadas de Santo Antônio da Alegria fora do centro, listadas pela Prefeitura",agregacao,1|2,
Quais estabelecimentos ficam na Rua Floriano Peixoto?,"Armazém do Queijo, Dama's Queijos, Quero Mais Bolachas Caseiras e Skina Lanches e Pizzas.","Armazém do Queijo: Rua Floriano Peixoto, 560|Quero Mais Bolachas Caseiras: fábrica e loja na Rua Floriano Peixoto, 489|Skina Lanches e Pizzas: Rua Floriano Peixoto, 965",agregacao,1|2|3,
Quais eventos a Ilha do Ar já recebeu?,"O Campeonato Brasileiro e o Campeonato Paulista de Parapente de 2022, o Desafio Ilha 360° (2023) e o Concurso de Qualidade de Cafés ""Café e Turismo"".","A Ilha do Ar, em Santo Antônio da Alegria, sediou o Campeonato Brasileiro de Parapente de 10 a 17 de setembro de 2022|A cidade também recebe o Concurso de Qualidade de Cafés ""Café e Turismo"", aberto ao público na Ilha do Ar",agregacao,1|2,
Que festas e eventos o Parque Ecológico José Jorge Felício recebe?,"O carnaval, o Encontro de Carros Antigos e a EXPOASA.","O parque recebe festas do município, como o carnaval, e eventos como o Encontro de Carros Antigos|Durante a EXPOASA e o Encontro de Carros Antigos, o Parque Ecológico José Jorge Felício vira o centro da animação da cidade|os ingressos costumam ser vendidos na bilheteria do Parque Ecológico José Jorge Felício, onde o evento acontece",agregacao,1|2|2,
