pergunta,resposta_referencia,evidencia_referencia
Onde fica o centro da cidade?,O centro se desenvolve ao redor da Praça Tereza Benedeti Chocair (Praça da Matriz) onde fica a Igreja Matriz e o comércio local.,"O centro da nossa charmosa cidade se desenvolve principalmente ao redor da Praça Tereza Benedeti Chocair, carinhosamente conhecida como Praça da Matriz"
Qual é o melhor lugar para comer em Santo Antônio da Alegria?,A Rua da Gastronomia é o principal destaque com doces artesanais queijos bolachas a Sorveteria O Rei do Sorvete e o Bar do Hélio com pão com linguiça.,"O grande destaque é a nossa famosa ""Rua da Gastronomia"" [1], um verdadeiro corredor de sabores"
Dá para ir a pé até o centro ou precisa de táxi?,Para a maioria dos pontos no centro como a Rua da Gastronomia e a Praça da Matriz é possível ir a pé. Para atrações mais afastadas recomenda-se carro ou táxi.,"Para a maioria dos pontos de interesse no centro, incluindo a Rua da Gastronomia e a Praça da Matriz, você consegue se locomover facilmente a pé | Para atrações mais afastadas, como a Ilha do Ar ou as cachoeiras, um carro particular ou táxi será mais indicado"
Tem algum restaurante típico que valha a pena conhecer?,O Restaurante Empório Santo Antônio na Rua da Gastronomia e o Bar do Hélio são os mais representativos da culinária local e regional mineira.,"Para uma experiência tipicamente local, recomendo o Restaurante Empório Santo Antônio, que fica na Rua da Gastronomia"
Onde posso trocar dinheiro na cidade?,Não há casas de câmbio na cidade. Recomenda-se trocar em cidades maiores como Ribeirão Preto. A maioria dos estabelecimentos aceita cartão e há caixas eletrônicos como na Lotérica Leon.,"não temos casas de câmbio dedicadas. A melhor opção para trocar dinheiro seria em cidades maiores próximas, como Ribeirão Preto"
É seguro andar pela cidade à noite?,A cidade é tranquila e com clima de interior. As áreas centrais como a Praça da Matriz e a Rua da Gastronomia são as mais movimentadas e consideradas seguras.,"Santo Antônio da Alegria mantém um clima de cidade do interior, onde a segurança é um ponto positivo"
Qual é o prato ou produto mais famoso da região?,Os doces caseiros bolachas e queijos artesanais são os mais representativos. O pão com linguiça do Bar do Hélio também é muito conhecido localmente.,"Se há algo que define nossa culinária, é a riqueza dos doces caseiros, bolachas e queijos artesanais"
Tem Wi-Fi gratuito disponível em algum lugar?,O Sítio Sossego das Grutas oferece Wi-Fi gratuito para hóspedes. Restaurantes e cafés costumam oferecer Wi-Fi para clientes.,"Se você se hospedar no Sítio Sossego das Grutas, terá Wi-Fi gratuito à disposição"
Onde comprar lembranças típicas da cidade?,A Rua da Gastronomia é o melhor lugar com doces queijos e bolachas artesanais. O Bar do Hélio também vende produtos regionais.,"Para lembrancinhas que realmente representem Santo Antônio da Alegria, a Rua da Gastronomia é o seu paraíso"
Qual é o horário de funcionamento das atrações principais?,A Ilha do Ar funciona das 8h às 18h. O AiJapa Restaurante abre de quarta a sábado das 18h30 às 22h30 e domingos para almoço das 11h às 14h30.,"a Ilha do Ar funciona das 8h às 18h [7]. O AiJapa Restaurante e Delivery abre de quarta a sábado, das 18:30h às 22:30h"
Como funciona o transporte público na cidade?,Não há transporte público urbano interno. A locomoção é feita a pé de carro ou táxi. Para viagens intermunicipais há ônibus para São Paulo e Ribeirão Preto pela Viação São Bento partindo da rodoviária local.,Santo Antônio da Alegria não possui um sistema de transporte público urbano interno
Quais são as principais atrações turísticas de Santo Antônio da Alegria?,As principais atrações são a Rua da Gastronomia a Praça da Matriz a Igreja Matriz a Ilha do Ar e as cachoeiras ao redor da cidade.,A Ilha do Ar (Serra da Laginha): Para vistas deslumbrantes e a emoção do voo livre | A Rua da Gastronomia: Para uma imersão nos sabores e na cultura local
Tem alguma cachoeira ou atração natural perto da cidade?,Sim há cachoeiras nas proximidades da cidade que são acessíveis de carro ou táxi a partir do centro.,Explorar o Córrego Fundo e a Cachoeira do Baú (do Deosdédi) para banhos e contato direto com a natureza
Onde me hospedar em Santo Antônio da Alegria?,O Sítio Sossego das Grutas é uma opção de hospedagem mencionada que oferece Wi-Fi gratuito e ambiente de sítio.,"Se você se hospedar no Sítio Sossego das Grutas, terá Wi-Fi gratuito à disposição"
Como chegar a Santo Antônio da Alegria vindo de São Paulo?,Há linhas de ônibus operadas pela Viação São Bento conectando São Paulo a Santo Antônio da Alegria com ponto de chegada na rodoviária local.,"há linhas de ônibus que conectam a cidade a outros municípios, como São Paulo e Ribeirão Preto, operadas por empresas como a Viação São Bento"
